n,probability, r
25,0.5,1.47774
50,0.5,1.54785
75,0.5,1.57877
100,0.5,1.61585
125,0.5,1.60584
150,0.5,1.60688
175,0.5,1.64885
200,0.5,1.65039
225,0.5,1.63657
250,0.5,1.65958
275,0.5,1.66579
300,0.5,1.68642
325,0.5,1.68059
350,0.5,1.6758
375,0.5,1.69032
400,0.5,1.6849
425,0.5,1.69672
450,0.5,1.69418
475,0.5,1.68558
500,0.5,1.69849
525,0.5,1.70829
550,0.5,1.71864
575,0.5,1.7138
600,0.5,1.70837
